"0","# get dataset"
"0","reddit_diabetes_urls <- find_thread_urls(keywords = ""diabetes"", subreddit = ""diabetes"", sort_by = ""comments"")"
"1","parsing URLs on page 1...
"
"1","parsing URLs on page 2...
"
"1","parsing URLs on page 3...
"
"0","reddit_diabetes_threads <- get_thread_content(reddit_diabetes_urls$url)$threads"
"2","Warning in file(con, ""r"") :"
"2","
 "
"2"," cannot open URL 'https://www.reddit.com/r/diabetes/comments/1db43o8/feeling_lost_advice_on_how_to_move_forward/.json?limit=500': HTTP status was '429 Unknown Error'
"
"2","Error in value[[3L]](cond) : 
  Cannot read from Reddit, check your inputs or internet connection
"
