"0","keyword = c(""pee"", ""thirsty"", ""weight"", ""hungry"", ""vision"", ""tired"", ""dry"")"
"0",""
"0","# get dataset for symptoms of type 1 diabetes, like pee, thirsty, lose weight, hungry, blurry vision, tired, dry skin..."
"0","reddit_diabetes_urls1 <- find_thread_urls(keyword = ""pee"", subreddit = ""diabetes_t1"", sort_by = ""top"")"
"1","parsing URLs on page 1...
"
"0","reddit_diabetes_threads1 <- get_thread_content(reddit_diabetes_urls1$url)$threads"
"0",""
"0","reddit_diabetes_urls11 <- find_thread_urls(keyword = ""pee"", subreddit = ""Type1Diabetes"", sort_by = ""top"")"
"1","parsing URLs on page 1...
"
"0","reddit_diabetes_threads11 <- get_thread_content(reddit_diabetes_urls11$url)$threads"
"0",""
"0","reddit_diabetes_t1 = union(reddit_diabetes_threads1, reddit_diabetes_threads11)"
"0","reddit_diabetes_t1 = reddit_diabetes_t1[,-c(1,4,7,9:10,12:14)]"
"0","reddit_diabetes_t1$symptoms = ""pee"""
